{"cameraMode":{"drawMode":0,"name":"Shaded","section":"Shading Mode"},"sceneLighting":true,"audioPlay":false,"sceneViewState":{"m_AlwaysRefresh":false,"showFog":true,"showSkybox":true,"showFlares":true,"showImageEffects":true,"showParticleSystems":true,"showVisualEffectGraphs":true,"m_FxEnabled":true},"in2DMode":false,"pivot":{"x":404.0381774902344,"y":-168.00143432617188,"z":28.182533264160158},"rotation":{"x":0.0044593485072255138,"y":0.9613675475120544,"z":-0.2763284146785736,"w":0.008959237486124039},"size":167.8834686279297,"orthographic":false}